name,specialty,url,image_url,qualifications,address,phonenumber,about,approx_lat,approx_long
Dale M. Abadir,Dermatology,Url,Url,MD,"NYC Health + Hospitals/Jacobi
1400 Pelham Parkway South
Bronx, NY 10461",1-844-692-4692,"Dale M. Abadir, holding a MD degree, is specialized in Dermatology.",40.856776875614955,-73.84796370841468
Vincent R. Abalajon,"Nurse Practitioner Gerontology, Rapid Response Team Nurse Practitioner",Url,Url,NP,"NYC Health + Hospitals/Elmhurst
79-01 Broadway
Elmhurst, New York 11373",1-844-692-4692,"Vincent R. Abalajon, holding a NP degree, is specialized in Nurse Practitioner Gerontology, Rapid Response Team Nurse Practitioner.",40.745106729804476,-73.8857521901986
Mohamed H. Abdelghffar,Internal Medicine,Url,Url,MD,"NYC Health + Hospitals/Elmhurst
79-01 Broadway
Elmhurst, New York 11373","1-844-692-4692
","Mohamed H. Abdelghffar, holding a MD degree, is specialized in Internal Medicine.",40.74509047302561,-73.8857736478699
Omar H. Abdelghffar,Internal Medicine,Url,Url,MD,"NYC Health + Hospitals/Elmhurst
79-01 Broadway
Elmhurst, New York 11373","1-844-692-4692
","Omar H. Abdelghffar, holding a MD degree, is specialized in Internal Medicine.",40.745074216242756,-73.88576291903425
Muhammad Abdullah,"Gastroenterology, Internal Medicine",Url,Url,MD,"NYC Health + Hospitals/South Brooklyn Health, Ruth Bader Ginsburg Hospital
2601 Ocean Parkway
Brooklyn, NY 11235",1-844-692-4692,"Muhammad Abdullah, holding a MD degree, is specialized in Gastroenterology, Internal Medicine.",40.58554665135041,-73.9659059639767
Ami Abraham,"Critical Care Medicine, Internal Medicine, Pulmonary Diseases, Sleep Medicine, Pulm/cc, Sleep, Chief resident",https://www.nychealthandhospitals.org/doctors/page/2/?specialty=49,Url,DO,"NYC Health + Hospitals/Jacobi
1400 Pelham Parkway South
Bronx, NY 10461",1-844-692-4692,"Ami Abraham, holding a DO degree, is specialized in Critical Care Medicine, Internal Medicine, Pulmonary Diseases, Sleep Medicine, Pulm/cc, Sleep, Chief resident.",40.85680121978473,-73.84796370841468
Smita B. Abraham,"Endocrinology Diabetes and Metabolism, Internal Medicine, Diabetes, Endocrinology, and Metabolism",https://www.nychealthandhospitals.org/doctors/page/2/?specialty=49,Url,MD,"NYC Health + Hospitals/Jacobi
1400 Pelham Parkway South
Bronx, NY 10461",1-844-692-4692,"Smita B. Abraham, holding a MD degree, is specialized in Endocrinology Diabetes and Metabolism, Internal Medicine, Diabetes, Endocrinology, and Metabolism.",40.85674441670798,-73.84798516608598
Adriana Abrudescu,"Internal Medicine, Rheumatology",https://www.nychealthandhospitals.org/doctors/page/2/?specialty=49,https://www.nychealthandhospitals.org/doctors/abrudescu-adriana/,MD,"NYC Health + Hospitals/Queens
82-68 164th Street
Queens, New York 11432",1-844-692-4692,"Adriana Abrudescu, holding a MD degree, is specialized in Internal Medicine, Rheumatology.",40.71732419158472,-73.8043999801326
"
Anjali Acharya","Internal Medicine, Nephrology",https://www.nychealthandhospitals.org/doctors/page/2/?specialty=49,https://www.nychealthandhospitals.org/doctors/acharya-anjali/,MD,"NYC Health + Hospitals/Jacobi
1400 Pelham Parkway South
Bronx, NY 10461",1-844-692-4692,"Anjali Acharya, holding a MD degree, is specialized in Internal Medicine, Nephrology.",40.856776875614955,-73.84796370841468
Jennifer G. Adams,Internal Medicine,https://www.nychealthandhospitals.org/doctors/page/2/?specialty=49,https://www.nychealthandhospitals.org/doctors/adams-jennifer-goldsmith/,MD,"NYC Health + Hospitals/Gotham Health, Gouverneur
227 Madison Street
New York, NY 10002",1-844-692-4692,"Jennifer G. Adams, holding a MD degree, is specialized in Internal Medicine.",40.71310691365772,-73.98773209204967
Ajibola M. Adedayo,"Cardiovascular Disease, Internal Medicine, Interventional cardiology",https://www.nychealthandhospitals.org/doctors/page/3/?specialty=49,https://www.nychealthandhospitals.org/doctors/adedayo-ajibola-m/,MD,"NYC Health + Hospitals/South Brooklyn Health, Ruth Bader Ginsburg Hospital
2601 Ocean Parkway
Brooklyn, NY 11235",1-844-692-4692,"Ajibola M. Adedayo, holding a MD degree, is specialized in Cardiovascular Disease, Internal Medicine, Interventional cardiology.",40.585530355631946,-73.96591669281234
Mitchell A. Adler,"Clinical Informatics, Internal Medicine, Geriatric Medicine",https://www.nychealthandhospitals.org/doctors/page/3/?specialty=49,https://www.nychealthandhospitals.org/doctors/adler-mitchell-a/,MD,"NYC Health + Hospitals/Bellevue
462 First Avenue
New York, NY 10016",1-844-692-4692,"Mitchell A. Adler, holding a MD degree, is specialized in Clinical Informatics, Internal Medicine, Geriatric Medicine.",40.74004739393207,-73.97552114862063
Poonam Advani,Internal Medicine,https://www.nychealthandhospitals.org/doctors/page/3/?specialty=49,https://www.nychealthandhospitals.org/doctors/advani-poonam/,MD,"NYC Health + Hospitals/Queens
82-68 164th Street
Queens, New York 11432",1-844-692-4692,"Poonam Advani, holding a MD degree, is specialized in Internal Medicine.",40.717397377592015,-73.8043785224613
Yusuf E. Afacan,"Infectious Diseases, Internal Medicine",https://www.nychealthandhospitals.org/doctors/page/3/?specialty=49,https://www.nychealthandhospitals.org/doctors/afacan-yusuf-erkan/,MD,"NYC Health + Hospitals/Woodhull
760 Broadway
Brooklyn, New York 11206",1-844-692-4692,"Yusuf E. Afacan, holding a MD degree, is specialized in Infectious Diseases, Internal Medicine.",40.700195451200706,-73.9417756730088
Ruhy Afza,Internal Medicine,https://www.nychealthandhospitals.org/doctors/page/3/?specialty=49,https://www.nychealthandhospitals.org/doctors/afza-ruhy/,MD,"NYC Health + Hospitals/Harlem
506 Lenox Avenue
New York, NY 10037",1-844-692-4692,"Ruhy Afza, holding a MD degree, is specialized in Internal Medicine.",40.81438547039734,-73.93961453649608
Sonalika Agarwal,"Internal Medicine, Nephrology, Transplant Nephrology",https://www.nychealthandhospitals.org/doctors/page/4/?specialty=49,https://www.nychealthandhospitals.org/doctors/agarwal-sonalika/,MD,"NYC Health + Hospitals/Kings County
451 Clarkson Avenue
Brooklyn, New York 11203",1-844-692-4692,"Sonalika Agarwal, holding a MD degree, is specialized in Internal Medicine, Nephrology, Transplant Nephrology.",40.656898195392934,-73.94469681294358
Richa Aggarwal,Internal Medicine,https://www.nychealthandhospitals.org/doctors/page/4/?specialty=49,https://www.nychealthandhospitals.org/doctors/aggarwal-richa/,MD,"NYC Health + Hospitals/Lincoln
234 East 149th Street
Bronx, NY 10451",1-844-692-4692,"Richa Aggarwal, holding a MD degree, is specialized in Internal Medicine.",40.816067968364884,-73.92478288540283
Sushil K. Ahlawat,"Gastroenterology, Internal Medicine, Transplant Hepatology, Advanced Medicine Research Fellowship, Community Medicine",https://www.nychealthandhospitals.org/doctors/page/4/?specialty=49,https://www.nychealthandhospitals.org/doctors/ahlawat-sushil-k/,MD,"NYC Health + Hospitals/Kings County
451 Clarkson Avenue
Brooklyn, New York 11203",1-844-692-4692,"Sushil K. Ahlawat, holding a MD degree, is specialized in Gastroenterology, Internal Medicine, Transplant Hepatology, Advanced Medicine Research Fellowship, Community Medicine.",40.6568574995825,-73.94469681294358
Meena Ahluwalia,"Hematology, Hospice & Palliative Medicine, Internal Medicine, Medical Oncology, Hematology/Oncology",https://www.nychealthandhospitals.org/doctors/page/4/?specialty=49,https://www.nychealthandhospitals.org/doctors/ahluwalia-meena/,MD,"NYC Health + Hospitals/Harlem
506 Lenox Avenue
New York, NY 10037",1-844-692-4692,"Meena Ahluwalia, holding a MD degree, is specialized in Hematology, Hospice & Palliative Medicine, Internal Medicine, Medical Oncology, Hematology/Oncology.",40.81438547039734,-73.93961453649608
Asma Ahmed,Internal Medicine,https://www.nychealthandhospitals.org/doctors/page/4/?specialty=49,https://www.nychealthandhospitals.org/doctors/ahmed-asma/,MD,"NYC Health + Hospitals/Coler
900 Main Street
Roosevelt Island, NY 10044",1-212-848-6000,"Asma Ahmed, holding a MD degree, is specialized in Internal Medicine.",40.77086271815776,-73.94156004701384
Muhammad Aadil,"Psychiatry, Addiction Psychiatry, Psychiatry Addiction",https://www.nychealthandhospitals.org/doctors/?specialty=80,https://www.nychealthandhospitals.org/doctors/aadil-muhammad/,MBBS,"NYC Health + Hospitals/Jacobi
1400 Pelham Parkway South
Bronx, NY 10461",1-844-692-4692,"Muhammad Aadil, holding a MBBS degree, is specialized in Psychiatry, Addiction Psychiatry, Psychiatry Addiction.",40.856760646163465,-73.84798516608598
Nancy H. Abdel-Wahab,"Psychiatry, Psychiatry Child and Adolescent, Neurology",https://www.nychealthandhospitals.org/doctors/?specialty=80,https://www.nychealthandhospitals.org/doctors/abdel-wahab-nancy-hussein/,MD,"NYC Health + Hospitals/Jacobi
1400 Pelham Parkway South
Bronx, NY 10461",1-844-692-4692,"Nancy H. Abdel-Wahab, holding a MD degree, is specialized in Psychiatry, Psychiatry Child and Adolescent, Neurology.",40.85691482579213,-73.8479958949216
Bechoy Abdelmalak,Psychiatry,https://www.nychealthandhospitals.org/doctors/?specialty=80,https://www.nychealthandhospitals.org/doctors/abdelmalak-bechoy/,MD,"NYC Health + Hospitals/Metropolitan
1901 First Avenue
New York, NY 10029",1-844-692-4692,"Bechoy Abdelmalak, holding a MD degree, is specialized in Psychiatry.",40.78524312183001,-73.9450563576619
Qamrun Abedin,"Psychiatry, Psychiatry Geriatric",https://www.nychealthandhospitals.org/doctors/?specialty=80,https://www.nychealthandhospitals.org/doctors/abedin-qamrun/,MD,"NYC Health + Hospitals/Lincoln
234 East 149th Street
Bronx, NY 10451",1-844-692-4692,"Qamrun Abedin, holding a MD degree, is specialized in Psychiatry, Psychiatry Geriatric.",40.816084207781664,-73.92475069889592
Rashed Abedin,"Internal Medicine, Preventive Medicine",https://www.nychealthandhospitals.org/doctors/?specialty=80,https://www.nychealthandhospitals.org/doctors/abedin-rashed/,MD,"NYC Health + Hospitals/Kings County
451 Clarkson Avenue
Brooklyn, New York 11203",1-844-692-4692,"Rashed Abedin, holding a MD degree, is specialized in Internal Medicine, Preventive Medicine.",40.65687377790965,-73.94470754177922
Arthur R. Abright,"Psychiatry, Psychiatry Child and Adolescent, Child and Adolescent Psychiatry",https://www.nychealthandhospitals.org/doctors/page/2/?specialty=80,https://www.nychealthandhospitals.org/doctors/abright-arthur-reese/,MD,"NYC Health + Hospitals/Elmhurst
79-01 Broadway
Elmhurst, New York 11373",1-844-692-4692,"Arthur R. Abright, holding a MD degree, is specialized in Psychiatry, Psychiatry Child and Adolescent, Child and Adolescent Psychiatry.",40.74509047302561,-73.88578437670553
Derrick Acheampong,"Psychiatry, Cardiothoracic surgery, General Surgery",https://www.nychealthandhospitals.org/doctors/page/2/?specialty=80,https://www.nychealthandhospitals.org/doctors/acheampong-derrick/,MD,"NYC Health + Hospitals/Kings County
451 Clarkson Avenue
Brooklyn, New York 11203",1-844-692-4692,"Derrick Acheampong, holding a MD degree, is specialized in Psychiatry, Cardiothoracic surgery, General Surgery.",40.656898195392934,-73.94472899945052
Razieh Adabimohazab,Psychiatry,https://www.nychealthandhospitals.org/doctors/page/2/?specialty=80,https://www.nychealthandhospitals.org/doctors/adabimohazab-razieh/,MD,"NYC Health + Hospitals/Lincoln
234 East 149th Street
Bronx, NY 10451",1-844-692-4692,"Razieh Adabimohazab, holding a MD degree, is specialized in Psychiatry.",40.816084207781664,-73.92478288540283
Antoine Adam,"Psychiatry, Psychiatry Child and Adolescent",https://www.nychealthandhospitals.org/doctors/page/2/?specialty=80,https://www.nychealthandhospitals.org/doctors/adam-antoine/,MD,"NYC Health + Hospitals/Jacobi
1400 Pelham Parkway South
Bronx, NY 10461",1-844-692-4692,"Antoine Adam, holding a MD degree, is specialized in Psychiatry, Psychiatry Child and Adolescent.",40.856764703526686, -73.84799589488806
Tarek Adam,Psychiatry,https://www.nychealthandhospitals.org/doctors/page/2/?specialty=80,https://www.nychealthandhospitals.org/doctors/adam-tarek/,MD,"NYC Health + Hospitals/Bellevue
462 First Avenue
New York, NY 10016",1-844-692-4692,"Tarek Adam, holding a MD degree, is specialized in Psychiatry.",40.73907425410331,-73.97501962953949
Michael M. Adams,Psychiatry,https://www.nychealthandhospitals.org/doctors/page/3/?specialty=80,https://www.nychealthandhospitals.org/doctors/adams-michael-mark/,MD,"NYC Health + Hospitals/Lincoln
234 East 149th Street
Bronx, NY 10451",1-844-692-4692,"Michael M. Adams, holding a MD degree, is specialized in Psychiatry.",40.8160963873416,-73.92479361420331
Rajasekhar V. Addepalli,"Addiction Medicine, Brain Injury Medicine, Psychiatry, Psychiatry Geriatric, Geriatric Psychiatry",https://www.nychealthandhospitals.org/doctors/page/3/?specialty=80,https://www.nychealthandhospitals.org/doctors/addepalli-rajasekhar-v/,MD,"NYC Health + Hospitals/Lincoln
234 East 149th Street
Bronx, NY 10451",1-844-692-4692,"Rajasekhar V. Addepalli, holding a MD degree, is specialized in Addiction Medicine, Brain Injury Medicine, Psychiatry, Psychiatry Geriatric, Geriatric Psychiatry.",40.81608826763521,-73.92478288536745
Akinola O. Adebisi,Psychiatry,https://www.nychealthandhospitals.org/doctors/page/3/?specialty=80,https://www.nychealthandhospitals.org/doctors/adebisi-akinola-oluwafemi/,MD,"NYC Health + Hospitals/Queens
82-68 164th Street
Queens, New York 11432",1-844-692-4692,"Akinola O. Adebisi, holding a MD degree, is specialized in Psychiatry.",40.7172875985509,-73.80438925125175
Pranayjit V. Adsule,"Psychiatry, Psychosomatic Medicine",https://www.nychealthandhospitals.org/doctors/page/3/?specialty=80,https://www.nychealthandhospitals.org/doctors/adsule-pranayjit-v/,MBBS,"NYC Health + Hospitals/Jacobi
1400 Pelham Parkway South
Bronx, NY 10461",1-844-692-4692,"Pranayjit V. Adsule, holding a MBBS degree, is specialized in Psychiatry, Psychosomatic Medicine.",40.85677281825246,-73.84799589488806
Hasnain Afzal,"Psychiatry, Psychiatry Addiction, Addiction Psychiatry",https://www.nychealthandhospitals.org/doctors/page/3/?specialty=80,https://www.nychealthandhospitals.org/doctors/afzal-hasnain/,MD,"NYC Health + Hospitals/Harlem
506 Lenox Avenue
New York, NY 10037",1-844-692-4692,"Hasnain Afzal, holding a MD degree, is specialized in Psychiatry, Psychiatry Addiction, Addiction Psychiatry.",40.81421901192491,-73.93962526527528
Theophine Abakporo,"Internal Medicine, Nephrology",https://www.nychealthandhospitals.org/doctors/?specialty=57,https://www.nychealthandhospitals.org/doctors/abakporo-theophine/,MD,"NYC Health + Hospitals/Woodhull
760 Broadway
Brooklyn, New York 11206",1-844-692-4692,"Theophine Abakporo, holding a MD degree, is specialized in Internal Medicine, Nephrology.",40.70006937601923, -73.9417864017886
Nabil Abazaid,"Emergency Medicine, Simulation Medicine",https://www.nychealthandhospitals.org/doctors/?specialty=57,https://www.nychealthandhospitals.org/doctors/abazaid-nabil/,MD,"NYC Health + Hospitals/Bellevue
462 First Avenue
New York, NY 10016",1-844-692-4692,"Nabil Abazaid, holding a MD degree, is specialized in Emergency Medicine, Simulation Medicine.",40.73909522360075, -73.97501621554702
Mariam Abdelghany,"Physician Assistant, None, Emergency Medicine",https://www.nychealthandhospitals.org/doctors/?specialty=57,https://www.nychealthandhospitals.org/doctors/abdelghany-mariam/,PA,"NYC Health + Hospitals/Lincoln
234 East 149th Street
Bronx, NY 10451",1-844-692-4692,"Mariam Abdelghany, holding a PA degree, is specialized in Physician Assistant, None, Emergency Medicine.",40.81608826763521, -73.92478288536745
Larisa Abdurakhmanova,Pediatric General,https://www.nychealthandhospitals.org/doctors/?specialty=57,https://www.nychealthandhospitals.org/doctors/abdurakhmanova-larisa/,MD,"NYC Health + Hospitals/Elmhurst
79-01 Broadway
Elmhurst, New York 11373",1-844-692-4692,"Larisa Abdurakhmanova, holding a MD degree, is specialized in Pediatric General.",40.74507828043883,-73.88578437665235
Daniel H. Abuelenin,Pediatric General,https://www.nychealthandhospitals.org/doctors/?specialty=57,https://www.nychealthandhospitals.org/doctors/abuelenin-daniel-h/,MD,"NYC Health + Hospitals/South Brooklyn Health, Ruth Bader Ginsburg Hospital
2601 Ocean Parkway
Brooklyn, NY 11235",1-844-692-4692,"Daniel H. Abuelenin, holding a MD degree, is specialized in Pediatric General.",40.585550725279425, -73.96592742161853
Yessenia Acosta,Physician Assistant,https://www.nychealthandhospitals.org/doctors/page/2/?specialty=57,https://www.nychealthandhospitals.org/doctors/acosta-yessenia/,PA,"NYC Health + Hospitals/Woodhull
760 Broadway
Brooklyn, New York 11206",1-844-692-4692,"Yessenia Acosta, holding a PA degree, is specialized in Physician Assistant.",40.700085643797976, -73.94177567295276
Frosso J. Adamakos,Emergency Medicine ,https://www.nychealthandhospitals.org/doctors/page/2/?specialty=57,https://www.nychealthandhospitals.org/doctors/adamakos-frosso-jacqueline/,MD,"NYC Health + Hospitals/Metropolitan
1901 First Avenue
New York, NY 10029",1-844-692-4692,"Frosso J. Adamakos, holding a MD degree, is specialized in Emergency Medicine .",40.785239060089395, -73.94503489993333
Adebanke A. Adebayo,Emergency Medicine ,https://www.nychealthandhospitals.org/doctors/page/2/?specialty=57,https://www.nychealthandhospitals.org/doctors/adebayo-adebanke-a/,MD,"NYC Health + Hospitals/Queens
82-68 164th Street
Queens, New York 11432",1-844-692-4692,"Adebanke A. Adebayo, holding a MD degree, is specialized in Emergency Medicine .",40.71729146012312, -73.80438979040292
Ajibola M. Adedayo,"Cardiovascular Disease, Internal Medicine, Interventional cardiology",https://www.nychealthandhospitals.org/doctors/page/2/?specialty=57,https://www.nychealthandhospitals.org/doctors/adedayo-ajibola-m/,MD,"NYC Health + Hospitals/South Brooklyn Health, Ruth Bader Ginsburg Hospital
2601 Ocean Parkway
Brooklyn, NY 11235",1-844-692-4692,"Ajibola M. Adedayo, holding a MD degree, is specialized in Cardiovascular Disease, Internal Medicine, Interventional cardiology.",40.585518832812475, -73.96591849524596
Oluwakemi A. Adegoke,"Obstetrics & Gynecology, Emergency Medicine",https://www.nychealthandhospitals.org/doctors/page/2/?specialty=57,https://www.nychealthandhospitals.org/doctors/adegoke-oluwakemi-a/,MD,"NYC Health + Hospitals/Jacobi
1400 Pelham Parkway South
Bronx, NY 10461",1-844-692-4692,"Oluwakemi A. Adegoke, holding a MD degree, is specialized in Obstetrics & Gynecology, Emergency Medicine.",40.85677736784823,-73.84799869435743
Kevin A. Adeleke,Emergency Medicine,https://www.nychealthandhospitals.org/doctors/page/3/?specialty=57,https://www.nychealthandhospitals.org/doctors/adeleke-kevin-adebayo/,MD,"NYC Health + Hospitals/Queens
82-68 164th Street
Queens, New York 11432",1-844-692-4692,"Kevin A. Adeleke, holding a MD degree, is specialized in Emergency Medicine.",40.717311993909, -73.80441070892344
Babatunde A. Adeyemi,"Internal Medicine, Emergency Medicine",https://www.nychealthandhospitals.org/doctors/page/3/?specialty=57,https://www.nychealthandhospitals.org/doctors/adeyemi-babatunde-adeshina/,MD,"NYC Health + Hospitals/Queens
82-68 164th Street
Queens, New York 11432",1-844-692-4692,"Babatunde A. Adeyemi, holding a MD degree, is specialized in Internal Medicine, Emergency Medicine.",40.71729661325924,-73.80438763973177
Lincoln O. Adeyemi,"Physician Assistant, Emergency Medicine",https://www.nychealthandhospitals.org/doctors/page/3/?specialty=57,https://www.nychealthandhospitals.org/doctors/adeyemi-lincoln-olalekan/,PA,"NYC Health + Hospitals/Harlem
506 Lenox Avenue
New York, NY 10037",1-844-692-4692,"Lincoln O. Adeyemi, holding a PA degree, is specialized in Physician Assistant, Emergency Medicine.",40.814235251794265, -73.9395823499319
Jerome Adler,Physician Assistant,https://www.nychealthandhospitals.org/doctors/page/3/?specialty=57,https://www.nychealthandhospitals.org/doctors/adler-jerome/,PA,"NYC Health + Hospitals/Jacobi
1400 Pelham Parkway South
Bronx, NY 10461",1-844-692-4692,"Jerome Adler, holding a PA degree, is specialized in Physician Assistant.",40.856772818246455, -73.84799589488013
Alexander N. Adotey,Pediatric General,https://www.nychealthandhospitals.org/doctors/page/3/?specialty=57,https://www.nychealthandhospitals.org/doctors/adotey-alexander-nii-amon/,MD,"NYC Health + Hospitals/Woodhull
760 Broadway
Brooklyn, New York 11206",1-844-692-4692,"Alexander N. Adotey, holding a MD degree, is specialized in Pediatric General.",40.70006124212835,-73.94179713062445
Jacobo Abadi,"Pediatric Infectious Diseases, Pediatric General",https://www.nychealthandhospitals.org/doctors/?specialty=42,https://www.nychealthandhospitals.org/doctors/abadi-jacobo/,MD,"NYC Health + Hospitals/Jacobi
1400 Pelham Parkway South
Bronx, NY 10461",1-844-692-4692,"Jacobo Abadi, holding a MD degree, is specialized in Pediatric Infectious Diseases, Pediatric General.",40.856784990339214,-73.84797443725031
Marwa Abdou,Pediatric General,https://www.nychealthandhospitals.org/doctors/?specialty=42,https://www.nychealthandhospitals.org/doctors/abdou-marwa/,MD,"NYC Health + Hospitals/Kings County
451 Clarkson Avenue
Brooklyn, New York 11203",1-844-692-4692,"Marwa Abdou, holding a MD degree, is specialized in Pediatric General.",40.656898195392934,-73.94469681294358
Larisa Abdurakhmanova,Pediatric General,https://www.nychealthandhospitals.org/doctors/?specialty=42,https://www.nychealthandhospitals.org/doctors/abdurakhmanova-larisa/,MD,"NYC Health + Hospitals/Elmhurst
79-01 Broadway
Elmhurst, New York 11373",1-844-692-4692,"Larisa Abdurakhmanova, holding a MD degree, is specialized in Pediatric General.",40.74509860141553,-73.8857736478699
Dora Acevedo,"Nurse Practitioner Pediatrics, Pediatric General",https://www.nychealthandhospitals.org/doctors/?specialty=42,https://www.nychealthandhospitals.org/doctors/acevedo-dora/,"NP, RN","NYC Health + Hospitals/Jacobi
1400 Pelham Parkway South
Bronx, NY 10461",1-844-692-4692,"Dora Acevedo, holding a NP, RN degree, is specialized in Nurse Practitioner Pediatrics, Pediatric General.",40.85679310506247,-73.8479958949216
Katiusca Acosta,"Pediatrics, Pediatric General",https://www.nychealthandhospitals.org/doctors/?specialty=42,https://www.nychealthandhospitals.org/doctors/acosta-katiusca/,MD,"NYC Health + Hospitals/Woodhull
760 Broadway
Brooklyn, New York 11206",1-844-692-4692,"Katiusca Acosta, holding a MD degree, is specialized in Pediatrics, Pediatric General.",40.70008157685367,-73.9417756730088
Robert Acosta,"Emergency Medicine Pediatrics, Pediatric Emergency Medicine, Pediatric General",https://www.nychealthandhospitals.org/doctors/page/2/?specialty=42,https://www.nychealthandhospitals.org/doctors/acosta-robert/,MD,"NYC Health + Hospitals/Jacobi
1400 Pelham Parkway South
Bronx, NY 10461",1-844-692-4692,"Robert Acosta, holding a MD degree, is specialized in Emergency Medicine Pediatrics, Pediatric Emergency Medicine, Pediatric General.",40.856776875614955, -73.84801735259289
Adebayo Adeyinka,"Pediatric Critical Care, Pediatric General",https://www.nychealthandhospitals.org/doctors/page/2/?specialty=42,https://www.nychealthandhospitals.org/doctors/adeyinka-adebayo/,MD,"NYC Health + Hospitals/Jacobi
1400 Pelham Parkway South
Bronx, NY 10461",1-844-692-4692,"Adebayo Adeyinka, holding a MD degree, is specialized in Pediatric Critical Care, Pediatric General.",40.85675253143622,-73.84798516608598
Alexander N. Adotey,Pediatric General,https://www.nychealthandhospitals.org/doctors/page/2/?specialty=42,https://www.nychealthandhospitals.org/doctors/adotey-alexander-nii-amon/,MD,"NYC Health + Hospitals/Woodhull
760 Broadway
Brooklyn, New York 11206",1-844-692-4692,"Alexander N. Adotey, holding a MD degree, is specialized in Pediatric General.",40.70005717518254, -73.94176494417314
Asma A. Ahmad,"Pediatric General, Neonatal - Perinatal Medicine",https://www.nychealthandhospitals.org/doctors/page/2/?specialty=42,https://www.nychealthandhospitals.org/doctors/ahmad-asma-asif/,MD,"NYC Health + Hospitals/Kings County
451 Clarkson Avenue
Brooklyn, New York 11203",1-844-692-4692,"Asma A. Ahmad, holding a MD degree, is specialized in Pediatric General, Neonatal - Perinatal Medicine.",40.656890056232854, -73.94470754177922
Nayaz Ahmed,"Pediatric General, Pediatrics",https://www.nychealthandhospitals.org/doctors/page/3/?specialty=42,https://www.nychealthandhospitals.org/doctors/ahmed-nayaz/,MD,"NYC Health + Hospitals/Gotham Health, Cumberland
100 North Portland Avenue
Brooklyn, New York 11205",1-844-692-4692,"Nayaz Ahmed, holding a MD degree, is specialized in Pediatric General, Pediatrics.",40.69598076519397, -73.97614797370412
Raidour Ahmed,"Pediatric General, Pediatric Hospital Medicine",https://www.nychealthandhospitals.org/doctors/page/3/?specialty=42,https://www.nychealthandhospitals.org/doctors/ahmed-raidour/,MD,"NYC Health + Hospitals/Jacobi
1400 Pelham Parkway South
Bronx, NY 10461",1-844-692-4692,"Raidour Ahmed, holding a MD degree, is specialized in Pediatric General, Pediatric Hospital Medicine.",40.85679310506247,-73.84797443725031
Zaheer Ahmed,"Pediatric General, pediatric",https://www.nychealthandhospitals.org/doctors/page/3/?specialty=42,https://www.nychealthandhospitals.org/doctors/ahmed-zaheer/,MD,"NYC Health + Hospitals/Woodhull
760 Broadway
Brooklyn, New York 11206",1-844-692-4692,"Zaheer Ahmed, holding a MD degree, is specialized in Pediatric General, pediatric.",40.70005717518254,-73.9417756730088
Danielle S. Ahn,"Pediatric Critical Care, Pediatrics, Pediatric Critical Care Medicine",https://www.nychealthandhospitals.org/doctors/page/3/?specialty=42,https://www.nychealthandhospitals.org/doctors/ahn-danielle-s/,MD,"NYC Health + Hospitals/Harlem
506 Lenox Avenue
New York, NY 10037",1-844-692-4692,"Danielle S. Ahn, holding a MD degree, is specialized in Pediatric Critical Care, Pediatrics, Pediatric Critical Care Medicine.",40.814239311761, -73.9395930788248
Qurrath U. Ain,Pediatric General,https://www.nychealthandhospitals.org/doctors/page/3/?specialty=42,https://www.nychealthandhospitals.org/doctors/ain-qurrath-ul/,MD,"NYC Health + Hospitals/Elmhurst
79-01 Broadway
Elmhurst, New York 11373",1-844-692-4692,"Qurrath U. Ain, holding a MD degree, is specialized in Pediatric General.",40.74509860141553, -73.88578437670553
Marcelo Acosta,Physician Assistant,https://www.nychealthandhospitals.org/doctors/?specialty=94,https://www.nychealthandhospitals.org/doctors/acosta-marcelo/,PA-C,"NYC Health + Hospitals/Metropolitan
1901 First Avenue
New York, NY 10029",1-844-692-4692,"Marcelo Acosta, holding a PA-C degree, is specialized in Physician Assistant.",40.78524312183001, -73.94501344231932
Ronald S. Adler,"Radiology Diagnostic, Radiology Body Imaging",https://www.nychealthandhospitals.org/doctors/?specialty=94,https://www.nychealthandhospitals.org/doctors/adler-ronald-steven/,MD,"NYC Health + Hospitals/Bellevue
462 First Avenue
New York, NY 10016",1-844-692-4692,"Ronald S. Adler, holding a MD degree, is specialized in Radiology Diagnostic, Radiology Body Imaging.",40.73926700470507,-73.97552114862063
Faraz Ahmed,"Interventional Radiology and Diagnostic Radiology, IR, Radiology, Radiology Diagnostic",https://www.nychealthandhospitals.org/doctors/?specialty=94,https://www.nychealthandhospitals.org/doctors/ahmed-faraz/,MD,"NYC Health + Hospitals/Queens
82-68 164th Street
Queens, New York 11432",1-844-692-4692,"Faraz Ahmed, holding a MD degree, is specialized in Interventional Radiology and Diagnostic Radiology, IR, Radiology, Radiology Diagnostic.",40.71731605980118, -73.8043999801326
Husayn J. Al-Husayni,"Radiology Diagnostic, Interventional Radiology and Diagnostic Radiology, Radiology Body Imaging, Internal Medicine, Radiology, Surgery General",https://www.nychealthandhospitals.org/doctors/?specialty=94,https://www.nychealthandhospitals.org/doctors/al-husayni-husayn-jawad/,MD,"NYC Health + Hospitals/Harlem
506 Lenox Avenue
New York, NY 10037",1-844-692-4692,"Husayn J. Al-Husayni, holding a MD degree, is specialized in Radiology Diagnostic, Interventional Radiology and Diagnostic Radiology, Radiology Body Imaging, Internal Medicine, Radiology, Surgery General.",40.81421495195697, -73.93961453649608
Erin F. Alaia,"Radiology Diagnostic, Muscuoskeletal Radiology, Radiology",https://www.nychealthandhospitals.org/doctors/?specialty=94,https://www.nychealthandhospitals.org/doctors/alaia-erin-fitzgerald/,MD,"NYC Health + Hospitals/Bellevue
462 First Avenue
New York, NY 10016",1-844-692-4692,"Erin F. Alaia, holding a MD degree, is specialized in Radiology Diagnostic, Muscuoskeletal Radiology, Radiology.",40.740307521639906, -73.97517782588004
Joshua R. Albrektson,"Radiology Diagnostic, Neuroradiology, Diagnostic Radiology",https://www.nychealthandhospitals.org/doctors/page/2/?specialty=94,https://www.nychealthandhospitals.org/doctors/albrektson-joshua-raymond/,MD,"NYC Health + Hospitals/Kings County
451 Clarkson Avenue
Brooklyn, New York 11203",1-844-692-4692,"Joshua R. Albrektson, holding a MD degree, is specialized in Radiology Diagnostic, Neuroradiology, Diagnostic Radiology.",40.656885377815534, -73.94465389760101
Mary M. Alfidi,"Radiology Diagnostic, Diagnostic Radiology, No Certificate Obtained/Diagnostic Radiology",https://www.nychealthandhospitals.org/doctors/page/2/?specialty=94,https://www.nychealthandhospitals.org/doctors/alfidi-mary-margaret/,MD,"NYC Health + Hospitals/Queens
82-68 164th Street
Queens, New York 11432",1-844-692-4692,"Mary M. Alfidi, holding a MD degree, is specialized in Radiology Diagnostic, Diagnostic Radiology, No Certificate Obtained/Diagnostic Radiology.",40.71732419158472, -73.80438925129695
Jonathan S. Alis,"Radiology Diagnostic, Cardiothoracic Imaging, Radiology",https://www.nychealthandhospitals.org/doctors/page/2/?specialty=94,https://www.nychealthandhospitals.org/doctors/alis-jonathan-s/,MD,"NYC Health + Hospitals/Harlem
506 Lenox Avenue
New York, NY 10037",1-844-692-4692,"Jonathan S. Alis, holding a MD degree, is specialized in Radiology Diagnostic, Cardiothoracic Imaging, Radiology.",40.814223071892634, -73.93961453649608
Daniel D. Alterman,"Radiology Diagnostic, CT/Ultrasonography, Radiology",https://www.nychealthandhospitals.org/doctors/page/2/?specialty=94,https://www.nychealthandhospitals.org/doctors/alterman-daniel-d/,MD,"NYC Health + Hospitals/Harlem
506 Lenox Avenue
New York, NY 10037",1-844-692-4692,"Daniel D. Alterman, holding a MD degree, is specialized in Radiology Diagnostic, CT/Ultrasonography, Radiology.",40.81423119182731,-73.93961453649608
Michael M. Ambrosino,"Radiology Diagnostic, Pediatric Radiology, Diagnostic Radiology",https://www.nychealthandhospitals.org/doctors/page/2/?specialty=94,https://www.nychealthandhospitals.org/doctors/ambrosino-michael-mazza/,MD,"NYC Health + Hospitals/Bellevue
462 First Avenue
New York, NY 10016",1-844-692-4692,"Michael M. Ambrosino, holding a MD degree, is specialized in Radiology Diagnostic, Pediatric Radiology, Diagnostic Radiology.",40.739527135464655,-73.97552114862063
Sarwat K. Amer,"Radiology, Radiology Chief, Radiology Diagnostic",https://www.nychealthandhospitals.org/doctors/page/3/?specialty=94,https://www.nychealthandhospitals.org/doctors/amer-sarwat-kamal/,MD,"NYC Health + Hospitals/Lincoln
234 East 149th Street
Bronx, NY 10451",1-844-692-4692,"Sarwat K. Amer, holding a MD degree, is specialized in Radiology, Radiology Chief, Radiology Diagnostic.",40.74004739393207,-73.97620779410177
Aziz S. Amin,"Radiology Diagnostic, Radiology Pediatric, Pediatric Radiology, Radiology",https://www.nychealthandhospitals.org/doctors/page/3/?specialty=94,https://www.nychealthandhospitals.org/doctors/amin-aziz-shoeb/,DO,"NYC Health + Hospitals/Lincoln
234 East 149th Street
Bronx, NY 10451",1-844-692-4692,"Aziz S. Amin, holding a DO degree, is specialized in Radiology Diagnostic, Radiology Pediatric, Pediatric Radiology, Radiology.",40.81605984865501,-73.92476142773155
Frederick J. Anderson,"Radiology Diagnostic, Mammography, No Certificate Obtained/Pediatric Radiology, No Certificate Obtained/Family Medicine, Radiology",https://www.nychealthandhospitals.org/doctors/page/3/?specialty=94,https://www.nychealthandhospitals.org/doctors/anderson-frederick-james/,DO,"NYC Health + Hospitals/Elmhurst
79-01 Broadway
Elmhurst, New York 11373",1-844-692-4692,"Frederick J. Anderson, holding a DO degree, is specialized in Radiology Diagnostic, Mammography, No Certificate Obtained/Pediatric Radiology, No Certificate Obtained/Family Medicine, Radiology.",40.74508234463468,-73.88578437670553
Daniel O. Ankrah,"Physician Assistant, Radiology",https://www.nychealthandhospitals.org/doctors/page/3/?specialty=94,https://www.nychealthandhospitals.org/doctors/ankrah-daniel-oti/,PA,"NYC Health + Hospitals/Jacobi
1400 Pelham Parkway South
Bronx, NY 10461",1-844-692-4692,"Daniel O. Ankrah, holding a PA degree, is specialized in Physician Assistant, Radiology.",40.85676876088969,-73.84798516608598
Hasna W. Ansari,Radiology Diagnostic,https://www.nychealthandhospitals.org/doctors/page/3/?specialty=94,https://www.nychealthandhospitals.org/doctors/ansari-hasna-w/,MD,"NYC Health + Hospitals/Gotham Health, Cumberland
100 North Portland Avenue
Brooklyn, New York 11205",1-844-692-4692,"Hasna W. Ansari, holding a MD degree, is specialized in Radiology Diagnostic.",40.69493955518824,-73.97649129644469
Sherlin Abraham,"Family Nurse Practitioner, 
Nurse Practitioner Family Health",https://www.nychealthandhospitals.org/doctors/?specialty=56,https://www.nychealthandhospitals.org/doctors/abraham-sherlin/,NP,"NYC Health + Hospitals/Queens
82-68 164th Street
Queens, New York 11432",1-844-692-4692,"Sherlin Abraham, holding a NP degree, is specialized in Family Nurse Practitioner, 
Nurse Practitioner Family Health.",40.71746649763612,-73.8043892512566
Mary M. Abruzzo-Fogarassy,Nurse Practitioner Womens Health,https://www.nychealthandhospitals.org/doctors/?specialty=56,https://www.nychealthandhospitals.org/doctors/abruzzo-fogarassy-mary-m/,NP,"NYC Health + Hospitals/Jacobi
1400 Pelham Parkway South
Bronx, NY 10461",1-844-692-4692,"Mary M. Abruzzo-Fogarassy, holding a NP degree, is specialized in Nurse Practitioner Womens Health.",40.856780932977216,-73.84799589489165
Oluwakemi A. Adegoke,"Obstetrics & Gynecology, Emergency Medicine",https://www.nychealthandhospitals.org/doctors/?specialty=56,https://www.nychealthandhospitals.org/doctors/adegoke-oluwakemi-a/,MD,"NYC Health + Hospitals/Jacobi
1400 Pelham Parkway South
Bronx, NY 10461",1-844-692-4692,"Oluwakemi A. Adegoke, holding a MD degree, is specialized in Obstetrics & Gynecology, Emergency Medicine.",40.85678904770097,-73.84798516605582
Grigol Adeishvili,Obstetrics & Gynecology,https://www.nychealthandhospitals.org/doctors/?specialty=56,https://www.nychealthandhospitals.org/doctors/adeishvili-grigol/,MD,"NYC Health + Hospitals/South Brooklyn Health, Ruth Bader Ginsburg Hospital
2601 Ocean Parkway
Brooklyn, NY 11235",1-844-692-4692,"Grigol Adeishvili, holding a MD degree, is specialized in Obstetrics & Gynecology.",40.585534429561946,-73.96590596395004
Veronica Ades,"Obstetrics & Gynecology, Reproductive Infectious Diseases",https://www.nychealthandhospitals.org/doctors/?specialty=56,https://www.nychealthandhospitals.org/doctors/ades-veronica/,MD,"NYC Health + Hospitals/Jacobi
1400 Pelham Parkway South
Bronx, NY 10461",1-844-692-4692,"Veronica Ades, holding a MD degree, is specialized in Obstetrics & Gynecology, Reproductive Infectious Diseases.",40.85679716242374,-73.84799589489165
Salma Afroze,Obstetrics & Gynecology,https://www.nychealthandhospitals.org/doctors/page/2/?specialty=56,https://www.nychealthandhospitals.org/doctors/afroze-salma/,DO,"NYC Health + Hospitals/Gotham Health, East New York
2094 Pitkin Avenue
Brooklyn, New York 11207",1-844-692-4692,"Salma Afroze, holding a DO degree, is specialized in Obstetrics & Gynecology.",40.67249789211759,-73.89524629626848
Gabriela A. Aguilar,"Obstetrics & Gynecology, Complex Family Planning, OB/GYN",https://www.nychealthandhospitals.org/doctors/page/2/?specialty=56,https://www.nychealthandhospitals.org/doctors/aguilar-gabriela-aurora/,MD,"NYC Health + Hospitals/Bellevue
462 First Avenue
New York, NY 10016",1-844-692-4692,"Gabriela A. Aguilar, holding a MD degree, is specialized in Obstetrics & Gynecology, Complex Family Planning, OB/GYN.",40.740437585112325, -73.97655111544566
Elmer C. Agustin,"Obstetrics & Gynecology, Obstetrics and Gynecology",https://www.nychealthandhospitals.org/doctors/page/2/?specialty=56,https://www.nychealthandhospitals.org/doctors/agustin-elmer-clemente/,MD,"NYC Health + Hospitals/Metropolitan
1901 First Avenue
New York, NY 10029",1-844-692-4692,"Elmer C. Agustin, holding a MD degree, is specialized in Obstetrics & Gynecology, Obstetrics and Gynecology.",40.78525530705039, -73.94502417110365
Danso O. Agyeman,"Physician Assistant, none, Surgery",https://www.nychealthandhospitals.org/doctors/page/2/?specialty=56,https://www.nychealthandhospitals.org/doctors/agyeman-danso-okoampa/,RPA-C,"NYC Health + Hospitals/Harlem
506 Lenox Avenue
New York, NY 10037",1-844-692-4692,"Danso O. Agyeman, holding a RPA-C degree, is specialized in Physician Assistant, none, Surgery.",40.814235251794265, -73.93960380760969
Olusegun A. Ajayi,Obstetrics & Gynecology,https://www.nychealthandhospitals.org/doctors/page/2/?specialty=56,https://www.nychealthandhospitals.org/doctors/ajayi-olusegun-ayoola/,MD,"NYC Health + Hospitals/Kings County
451 Clarkson Avenue
Brooklyn, New York 11203",1-844-692-4692,"Olusegun A. Ajayi, holding a MD degree, is specialized in Obstetrics & Gynecology.",40.65691386487357,-73.94471827057305
Olive U. Akalonu,"Nurse Practitioner Family Health, Family Medicine",https://www.nychealthandhospitals.org/doctors/page/3/?specialty=56,https://www.nychealthandhospitals.org/doctors/akalonu-olive-ugochinyere/,NP,"NYC Health + Hospitals/Jacobi
1400 Pelham Parkway South
Bronx, NY 10461",1-844-692-4692,"Olive U. Akalonu, holding a NP degree, is specialized in Nurse Practitioner Family Health, Family Medicine.",40.85677281825246, -73.84797443722
Bozena Akhand,"Nurse Practitioner Womens Health, WHNP",https://www.nychealthandhospitals.org/doctors/page/3/?specialty=56,https://www.nychealthandhospitals.org/doctors/akhand-bozena/,NP,"NYC Health + Hospitals/Elmhurst
79-01 Broadway
Elmhurst, New York 11373",1-844-692-4692,"Bozena Akhand, holding a NP degree, is specialized in Nurse Practitioner Womens Health, WHNP.",40.74508640883027,-73.88578437665805
Ifeloluwa A. Akinade,Midwifery,https://www.nychealthandhospitals.org/doctors/page/3/?specialty=56,https://www.nychealthandhospitals.org/doctors/akinade-ifeloluwa-alice/,CNM,"NYC Health + Hospitals/Kings County
451 Clarkson Avenue
Brooklyn, New York 11203",1-844-692-4692,"Ifeloluwa A. Akinade, holding a CNM degree, is specialized in Midwifery.",40.656897586556205,-73.9446968129014
Kolawole F. Akinnawonu,Obstetrics & Gynecology,https://www.nychealthandhospitals.org/doctors/page/3/?specialty=56,https://www.nychealthandhospitals.org/doctors/akinnawonu-kolawole-felix/,MD,"
NYC Health + Hospitals/Elmhurst
79-01 Broadway
Elmhurst, New York 11373",1-844-692-4692,"Kolawole F. Akinnawonu, holding a MD degree, is specialized in Obstetrics & Gynecology.",40.74507828043883, -73.88578437665805
Wissam Akkary,"Obstetrics & Gynecology, Obstetrics",https://www.nychealthandhospitals.org/doctors/page/3/?specialty=56,https://www.nychealthandhospitals.org/doctors/akkary-wissam/,MD,"NYC Health + Hospitals/Kings County
451 Clarkson Avenue
Brooklyn, New York 11203",1-844-692-4692,"Wissam Akkary, holding a MD degree, is specialized in Obstetrics & Gynecology, Obstetrics.",40.656905725715376,-73.94470754173722
Peyman Alaghband,Obstetrics & Gynecology,https://www.nychealthandhospitals.org/doctors/page/4/?specialty=56,https://www.nychealthandhospitals.org/doctors/alaghband-peyman/,MD,"NYC Health + Hospitals/South Brooklyn Health, Ruth Bader Ginsburg Hospital
2601 Ocean Parkway
Brooklyn, NY 11235",1-844-692-4692,"Peyman Alaghband, holding a MD degree, is specialized in Obstetrics & Gynecology.",40.585534429561946, -73.94470754173722
Charmaine G. Alleyne,"na, Nurse Practitioner Womens Health",https://www.nychealthandhospitals.org/doctors/page/4/?specialty=56,https://www.nychealthandhospitals.org/doctors/alleyne-charmaine-gracelyn/,NP,"
NYC Health + Hospitals/Jacobi
1400 Pelham Parkway South
Bronx, NY 10461",1-844-692-4692,"Charmaine G. Alleyne, holding a NP degree, is specialized in na, Nurse Practitioner Womens Health.",40.856805277145504, -73.84798516605582
Joseph M. Alvaro,Obstetrics & Gynecology,https://www.nychealthandhospitals.org/doctors/page/4/?specialty=56,https://www.nychealthandhospitals.org/doctors/alvaro-joseph-manuel/,MD,"NYC Health + Hospitals/Bellevue
462 First Avenue
New York, NY 10016",1-844-692-4692,"Joseph M. Alvaro, holding a MD degree, is specialized in Obstetrics & Gynecology.",40.740177457913134,-73.97620779269924
Victoria P. Amankwa,"Obstetrics & Gynecology, Simulation",https://www.nychealthandhospitals.org/doctors/page/4/?specialty=56,https://www.nychealthandhospitals.org/doctors/amankwa-victoria-pomaa/,MD,"NYC Health + Hospitals/Harlem
506 Lenox Avenue
New York, NY 10037",1-844-692-4692,"Victoria P. Amankwa, holding a MD degree, is specialized in Obstetrics & Gynecology, Simulation.",40.814235251794265, -73.9396145364455
Joanne Andrades,Obstetrics & Gynecology,https://www.nychealthandhospitals.org/doctors/page/4/?specialty=56,https://www.nychealthandhospitals.org/doctors/andrades-joanne/,MD,"NYC Health + Hospitals/Harlem
506 Lenox Avenue
New York, NY 10037",1-844-692-4692,"Joanne Andrades, holding a MD degree, is specialized in Obstetrics & Gynecology.",40.814243371727464, -73.9396145364455
Hope Abba,"Nurse Anesthetist, None",https://www.nychealthandhospitals.org/doctors/?specialty=67,https://www.nychealthandhospitals.org/doctors/abba-hope/,CRNA,"NYC Health + Hospitals/Jacobi
1400 Pelham Parkway South
Bronx, NY 10461",1-844-692-4692,"Hope Abba, holding a CRNA degree, is specialized in Nurse Anesthetist, None.",40.85675658879996,-73.84800662372747
Mariebelle N. Abelarde,Nurse Anesthetist,https://www.nychealthandhospitals.org/doctors/?specialty=67,https://www.nychealthandhospitals.org/doctors/abelarde-mariebelle-noval/,CRNA,"NYC Health + Hospitals/Kings County
451 Clarkson Avenue
Brooklyn, New York 11203",1-844-692-4692,"Mariebelle N. Abelarde, holding a CRNA degree, is specialized in Nurse Anesthetist.",40.65688944739601, -73.9446968129014
Samuel M. Abrokwah,"Anesthesiology, Cardiac Anesthesia, Pediatric Pulmonary, Pediatrics",https://www.nychealthandhospitals.org/doctors/?specialty=67,https://www.nychealthandhospitals.org/doctors/abrokwah-samuel-m/,MD,"NYC Health + Hospitals/Bellevue
462 First Avenue
New York, NY 10016",1-844-692-4692,"Samuel M. Abrokwah, holding a MD degree, is specialized in Anesthesiology, Cardiac Anesthesia, Pediatric Pulmonary, Pediatrics.",40.740697711294224,-73.97620779269924
Alvin Adell,"
Anesthesiology",https://www.nychealthandhospitals.org/doctors/?specialty=67,https://www.nychealthandhospitals.org/doctors/adell-alvin/,MD,"NYC Health + Hospitals/Harlem
506 Lenox Avenue
New York, NY 10037",1-844-692-4692,"Alvin Adell, holding a MD degree, is specialized in 
Anesthesiology.",40.81421901193822, -73.9396038076518
Suman Agrawal,Anesthesiology,https://www.nychealthandhospitals.org/doctors/?specialty=67,https://www.nychealthandhospitals.org/doctors/agrawal-suman/,MD,"NYC Health + Hospitals/South Brooklyn Health, Ruth Bader Ginsburg Hospital
2601 Ocean Parkway
Brooklyn, NY 11235",1-844-692-4692,"Suman Agrawal, holding a MD degree, is specialized in Anesthesiology.",40.585534429561946, -73.96588450627839
David J. Aguilar,"Anesthesiology, Cardiac Anesthesiology, Cardiothoracic Anesthesiology, anesthesia residency, Surgery residency",https://www.nychealthandhospitals.org/doctors/page/2/?specialty=67,https://www.nychealthandhospitals.org/doctors/aguilar-david-j-ricardo/,MD,"NYC Health + Hospitals/Lincoln
234 East 149th Street
Bronx, NY 10451",1-844-692-4692,"David J. Aguilar, holding a MD degree, is specialized in Anesthesiology, Cardiac Anesthesiology, Cardiothoracic Anesthesiology, anesthesia residency, Surgery residency.",40.81608826763521, -73.92477215653543
Ricki S. Agulia,Nurse Anesthetist,https://www.nychealthandhospitals.org/doctors/page/2/?specialty=67,https://www.nychealthandhospitals.org/doctors/agulia-ricki-sheldon/,CRNA,"NYC Health + Hospitals/Kings County
451 Clarkson Avenue
Brooklyn, New York 11203",1-844-692-4692,"Ricki S. Agulia, holding a CRNA degree, is specialized in Nurse Anesthetist.",40.65688944739601, -73.9446968129014
Naheed M. Ahamadi,"Anesthesiology, Anesthesiology Pain Medicine",https://www.nychealthandhospitals.org/doctors/page/2/?specialty=67,https://www.nychealthandhospitals.org/doctors/ahamadi-naheed-m/,MD,"NYC Health + Hospitals/Lincoln
234 East 149th Street
Bronx, NY 10451",1-844-692-4692,"Naheed M. Ahamadi, holding a MD degree, is specialized in Anesthesiology, Anesthesiology Pain Medicine.",40.81608826763521,-73.9247614276996
Naeem Ahmad,"Anesthesiology, Anesthesiology Pain Medicine, Pediatric Anesthesiology, Sleep Medicine, pain management, Pain Medicine",https://www.nychealthandhospitals.org/doctors/page/2/?specialty=67,https://www.nychealthandhospitals.org/doctors/ahmad-naeem/,MD,"NYC Health + Hospitals/Elmhurst
79-01 Broadway
Elmhurst, New York 11373",1-844-692-4692,"Naeem Ahmad, holding a MD degree, is specialized in Anesthesiology, Anesthesiology Pain Medicine, Pediatric Anesthesiology, Sleep Medicine, pain management, Pain Medicine.",40.745094537220695, -73.88578437665805
Kazi F. Ahmed,Anesthesiology,https://www.nychealthandhospitals.org/doctors/page/2/?specialty=67,https://www.nychealthandhospitals.org/doctors/ahmed-kazi-farhad/,MD,"NYC Health + Hospitals/Kings County
451 Clarkson Avenue
Brooklyn, New York 11203",1-844-692-4692,"Kazi F. Ahmed, holding a MD degree, is specialized in Anesthesiology.",40.65688944739601, -73.94470754173722
Shah N. Ahmed,Anesthesiology,https://www.nychealthandhospitals.org/doctors/page/3/?specialty=67,https://www.nychealthandhospitals.org/doctors/ahmed-shah-nadir/,MD,"NYC Health + Hospitals/Bellevue
462 First Avenue
New York, NY 10016",1-844-692-4692,"Shah N. Ahmed, holding a MD degree, is specialized in Anesthesiology.",40.739917329696695,-73.97586446995284
Wasif M. Ahmed,Anesthesiology,https://www.nychealthandhospitals.org/doctors/page/3/?specialty=67,https://www.nychealthandhospitals.org/doctors/ahmed-wasif-m/,MD,"NYC Health + Hospitals/Woodhull
760 Broadway
Brooklyn, New York 11206",1-844-692-4692,"Wasif M. Ahmed, holding a MD degree, is specialized in Anesthesiology.",40.70006124212835, -73.94177567295876
Tolani I. Aiyeku,Nurse Anesthetist,https://www.nychealthandhospitals.org/doctors/page/3/?specialty=67,https://www.nychealthandhospitals.org/doctors/aiyeku-tolani-iyiola/,CRNA,"NYC Health + Hospitals/Kings County
451 Clarkson Avenue
Brooklyn, New York 11203",1-844-692-4692,"Tolani I. Aiyeku, holding a CRNA degree, is specialized in Nurse Anesthetist.",40.656897586556205, -73.94470754173722
Georgette G. Alexis,"Anesthesiology, Anesthesiology Pain Medicine, Pediatric Anesthesiology, Pain Medicine",https://www.nychealthandhospitals.org/doctors/page/3/?specialty=67,https://www.nychealthandhospitals.org/doctors/alexis-georgette-gilda/,MD,"NYC Health + Hospitals/Kings County
451 Clarkson Avenue
Brooklyn, New York 11203",1-844-692-4692,"Georgette G. Alexis, holding a MD degree, is specialized in Anesthesiology, Anesthesiology Pain Medicine, Pediatric Anesthesiology, Pain Medicine.",40.656905725715376, -73.94468608406557
Azad A. Amin,"Anesthesiology, Anesthesiology Critical Care Medicine",https://www.nychealthandhospitals.org/doctors/page/3/?specialty=67,https://www.nychealthandhospitals.org/doctors/amin-azad-anwarul/,MD,"NYC Health + Hospitals/Kings County
451 Clarkson Avenue
Brooklyn, New York 11203",1-844-692-4692,"Azad A. Amin, holding a MD degree, is specialized in Anesthesiology, Anesthesiology Critical Care Medicine.",40.656897586556205, -73.94470754173722
Bessie Abraham,"Optometry, Ocular Disease",https://www.nychealthandhospitals.org/doctors/?specialty=70,https://www.nychealthandhospitals.org/doctors/abraham-bessie/,OD,"NYC Health + Hospitals/Elmhurst
79-01 Broadway
Elmhurst, New York 11373",1-844-692-4692,"Bessie Abraham, holding a OD degree, is specialized in Optometry, Ocular Disease.",40.74510266561013, -73.88579510549388
Brieann K. Adair,Optometry,https://www.nychealthandhospitals.org/doctors/?specialty=70,https://www.nychealthandhospitals.org/doctors/adair-brieann-kourtney/,OD,"NYC Health + Hospitals/Bellevue
462 First Avenue
New York, NY 10016",1-844-692-4692,"Brieann K. Adair, holding a OD degree, is specialized in Optometry.",40.739917329696695,-73.97655111544566
Adebukola Adebayo,"Ophthalmology, Cornea",https://www.nychealthandhospitals.org/doctors/?specialty=70,https://www.nychealthandhospitals.org/doctors/adebayo-adebukola/,MD,"NYC Health + Hospitals/Metropolitan
1901 First Avenue
New York, NY 10029",1-844-692-4692,"Adebukola Adebayo, holding a MD degree, is specialized in Ophthalmology, Cornea.",40.785239060089395,-73.94502417110365
Jennifer O. Adeghate,Ophthalmology,https://www.nychealthandhospitals.org/doctors/?specialty=70,https://www.nychealthandhospitals.org/doctors/adeghate-jennifer-oluyemisi/,MD,"NYC Health + Hospitals/Queens
82-68 164th Street
Queens, New York 11432",1-844-692-4692,"Jennifer O. Adeghate, holding a MD degree, is specialized in Ophthalmology.",40.71732825747611, -73.80439998009241
Marib I. Akanda,Ophthalmology,https://www.nychealthandhospitals.org/doctors/?specialty=70,https://www.nychealthandhospitals.org/doctors/akanda-marib-islam/,MD,"NYC Health + Hospitals/Queens
82-68 164th Street
Queens, New York 11432",1-844-692-4692,"Marib I. Akanda, holding a MD degree, is specialized in Ophthalmology.",40.7173363892582,-73.80439998009241
Robert I. Appel,Ophthalmology,https://www.nychealthandhospitals.org/doctors/page/2/?specialty=70,https://www.nychealthandhospitals.org/doctors/appel-robert-i/,MD,"NYC Health + Hospitals/Queens
82-68 164th Street
Queens, New York 11432",1-844-692-4692,"Robert I. Appel, holding a MD degree, is specialized in Ophthalmology.",40.7173363892582,-73.80441070892824
Kichiemon Asoma,Ophthalmology,https://www.nychealthandhospitals.org/doctors/page/2/?specialty=70,https://www.nychealthandhospitals.org/doctors/asoma-kichiemon/,MD,"NYC Health + Hospitals/Bellevue
462 First Avenue
New York, NY 10016",1-844-692-4692,"Kichiemon Asoma, holding a MD degree, is specialized in Ophthalmology.",40.740177457913134, -73.97586446995284
James D. Auran,Ophthalmology,https://www.nychealthandhospitals.org/doctors/page/2/?specialty=70,https://www.nychealthandhospitals.org/doctors/auran-james-drake/,MD,"NYC Health + Hospitals/Harlem
506 Lenox Avenue
New York, NY 10037",1-844-692-4692,"James D. Auran, holding a MD degree, is specialized in Ophthalmology.",40.81426773152105, -73.9396145364455
Yelena Babayeva,Ophthalmology,https://www.nychealthandhospitals.org/doctors/page/2/?specialty=70,https://www.nychealthandhospitals.org/doctors/babayeva-yelena/,OD,"NYC Health + Hospitals/Jacobi
1400 Pelham Parkway South
Bronx, NY 10461",1-844-692-4692,"Yelena Babayeva, holding a OD degree, is specialized in Ophthalmology.",40.856764703526686,-73.84797443722
Tehara C. Bailey,Ophthalmology,https://www.nychealthandhospitals.org/doctors/page/2/?specialty=70,https://www.nychealthandhospitals.org/doctors/bailey-tehara-chiantie/,MD,"NYC Health + Hospitals/Jacobi
1400 Pelham Parkway South
Bronx, NY 10461",1-844-692-4692,"Tehara C. Bailey, holding a MD degree, is specialized in Ophthalmology.",40.856780932977216, -73.84799589489165
Rajendra K. Bansal,Ophthalmology,https://www.nychealthandhospitals.org/doctors/page/3/?specialty=70,https://www.nychealthandhospitals.org/doctors/bansal-rajendra-k/,MD,"NYC Health + Hospitals/Harlem
506 Lenox Avenue
New York, NY 10037",1-844-692-4692,"Rajendra K. Bansal, holding a MD degree, is specialized in Ophthalmology.",40.814243371727464, -73.9396145364455
Alexander Barash,"Ophthalmology, Ophthalmology Retina",https://www.nychealthandhospitals.org/doctors/page/3/?specialty=70,https://www.nychealthandhospitals.org/doctors/barash-alexander/,MD,"NYC Health + Hospitals/Elmhurst
79-01 Broadway
Elmhurst, New York 11373",1-844-692-4692,"Alexander Barash, holding a MD degree, is specialized in Ophthalmology, Ophthalmology Retina.",40.74507828043883, -73.88579510549388
Irene A. Barbazetto,"Ophthalmology, Vitreoretinal Surgery",https://www.nychealthandhospitals.org/doctors/page/3/?specialty=70,https://www.nychealthandhospitals.org/doctors/barbazetto-irene-anna/,MD,"NYC Health + Hospitals/Bellevue
462 First Avenue
New York, NY 10016",1-844-692-4692,"Irene A. Barbazetto, holding a MD degree, is specialized in Ophthalmology, Vitreoretinal Surgery.",40.740177457913134, -73.97586446995284
Andrea Blitzer,"Ophthalmology, Ophthalmology, Cornea and External Diseases",https://www.nychealthandhospitals.org/doctors/page/3/?specialty=70,https://www.nychealthandhospitals.org/doctors/blitzer-andrea/,MD,"NYC Health + Hospitals/Bellevue
462 First Avenue
New York, NY 10016",1-844-692-4692,"Andrea Blitzer, holding a MD degree, is specialized in Ophthalmology, Ophthalmology, Cornea and External Diseases.",40.739917329696695,-73.97586446995284
Natalie Borodoker,Ophthalmology,https://www.nychealthandhospitals.org/doctors/page/3/?specialty=70,https://www.nychealthandhospitals.org/doctors/borodoker-natalie/,MD,"NYC Health + Hospitals/Bellevue
462 First Avenue
New York, NY 10016",1-844-692-4692,"Natalie Borodoker, holding a MD degree, is specialized in Ophthalmology.",40.740177457913134,-73.97586446995284
Waleed R. Abood,"Epilepsy, Neurology",https://www.nychealthandhospitals.org/doctors/?specialty=82,https://www.nychealthandhospitals.org/doctors/abood-waleed-raheem-abood/,MD,"NYC Health + Hospitals/Bellevue
462 First Avenue
New York, NY 10016",1-844-692-4692,"Waleed R. Abood, holding a MD degree, is specialized in Epilepsy, Neurology.",40.740177457913134, -73.97586446995284
Nicolas J. Abreu,"Neurodevelopmental Disabilties, Neurology Child, Pediatrics, Gene Therapy, Neurodevelopmental Disabilities",https://www.nychealthandhospitals.org/doctors/?specialty=82,https://www.nychealthandhospitals.org/doctors/abreu-nicolas-julian/,MD,"NYC Health + Hospitals/Bellevue
462 First Avenue
New York, NY 10016",1-844-692-4692,"Nicolas J. Abreu, holding a MD degree, is specialized in Neurodevelopmental Disabilties, Neurology Child, Pediatrics, Gene Therapy, Neurodevelopmental Disabilities.",40.740177457913134, -73.97620779269924
Shashank Agarwal,"Neurology, Vascular Neurology",https://www.nychealthandhospitals.org/doctors/?specialty=82,https://www.nychealthandhospitals.org/doctors/agarwal-shashank/,"MD, MBBS","NYC Health + Hospitals/Elmhurst
79-01 Broadway
Elmhurst, New York 11373",1-844-692-4692,"Shashank Agarwal, holding a MD, MBBS degree, is specialized in Neurology, Vascular Neurology.",40.74508640883027,-73.88577364782222
Gokhan L. Akfirat,"Neurology, Neurorehabilitation",https://www.nychealthandhospitals.org/doctors/?specialty=82,https://www.nychealthandhospitals.org/doctors/akfirat-gokhan-lut/,MD,"NYC Health + Hospitals/Metropolitan
1901 First Avenue
New York, NY 10029",1-844-692-4692,"Gokhan L. Akfirat, holding a MD degree, is specialized in Neurology, Neurorehabilitation.",40.785239060089395,-73.94502417110365
Nero Akpowowo,Physician Assistant,https://www.nychealthandhospitals.org/doctors/?specialty=82,https://www.nychealthandhospitals.org/doctors/akpowowo-nero/,PA-C,"NYC Health + Hospitals/Bellevue
462 First Avenue
New York, NY 10016",1-844-692-4692,"Nero Akpowowo, holding a PA-C degree, is specialized in Physician Assistant.",40.739657200463014,-73.97689443819206
Deepti Anbarasan,"Epilepsy, Neurology, Psychiatry, Neurology and Psychiatry",https://www.nychealthandhospitals.org/doctors/page/2/?specialty=82,https://www.nychealthandhospitals.org/doctors/anbarasan-deepti/,MD,"NYC Health + Hospitals/Bellevue
462 First Avenue
New York, NY 10016",1-844-692-4692,"Deepti Anbarasan, holding a MD degree, is specialized in Epilepsy, Neurology, Psychiatry, Neurology and Psychiatry.",40.740697711294224, -73.97655111544566
Carl D. Ansevin,"Clinical Neurophysiology, Neurology",https://www.nychealthandhospitals.org/doctors/page/2/?specialty=82,https://www.nychealthandhospitals.org/doctors/ansevin-carl-d/,MD,"NYC Health + Hospitals/Jacobi
1400 Pelham Parkway South
Bronx, NY 10461",1-844-692-4692,"Carl D. Ansevin, holding a MD degree, is specialized in Clinical Neurophysiology, Neurology.",40.85678904770097,-73.84800662372747
Brian J. Anziska,Neurology,https://www.nychealthandhospitals.org/doctors/page/2/?specialty=82,https://www.nychealthandhospitals.org/doctors/anziska-brian-j/,MD,"NYC Health + Hospitals/Kings County
451 Clarkson Avenue
Brooklyn, New York 11203",1-844-692-4692,"Brian J. Anziska, holding a MD degree, is specialized in Neurology.",40.65690226497262, -73.94471827057305
Yaacov Anziska,"Clinical Neurophysiology, Internal Medicine, Neurology, Neuro Physiology",https://www.nychealthandhospitals.org/doctors/page/2/?specialty=82,https://www.nychealthandhospitals.org/doctors/anziska-yaacov/,MD,"NYC Health + Hospitals/Kings County
451 Clarkson Avenue
Brooklyn, New York 11203",1-844-692-4692,"Yaacov Anziska, holding a MD degree, is specialized in Clinical Neurophysiology, Internal Medicine, Neurology, Neuro Physiology.",40.65690226497262, -73.94470754173722
Sharon J. Atkinson,"Neurology, epilepsy",https://www.nychealthandhospitals.org/doctors/page/2/?specialty=82,https://www.nychealthandhospitals.org/doctors/atkinson-sharon-j/,MD,"NYC Health + Hospitals/Queens
82-68 164th Street
Queens, New York 11432",1-844-692-4692,"Sharon J. Atkinson, holding a MD degree, is specialized in Neurology, epilepsy.",40.7173363892582,-73.80439998009241
Felipe A. Ayala,"Neurology, Vascular Neurology, Neurology Vascular",https://www.nychealthandhospitals.org/doctors/page/3/?specialty=82,https://www.nychealthandhospitals.org/doctors/ayala-felipe-antonio/,MD,"NYC Health + Hospitals/Elmhurst
79-01 Broadway
Elmhurst, New York 11373",1-844-692-4692,"Felipe A. Ayala, holding a MD degree, is specialized in Neurology, Vascular Neurology, Neurology Vascular.",40.74507828043883,-73.88579510549388
Mina Azer,Physician Assistant,https://www.nychealthandhospitals.org/doctors/page/3/?specialty=82,https://www.nychealthandhospitals.org/doctors/azer-mina/,PA,"NYC Health + Hospitals/Elmhurst
79-01 Broadway
Elmhurst, New York 11373",1-844-692-4692,"Mina Azer, holding a PA degree, is specialized in Physician Assistant.",40.74508640883027, -73.88578437665805
Seema Aziyakath Shavro,Family Nurse Practitioner,https://www.nychealthandhospitals.org/doctors/page/3/?specialty=82,https://www.nychealthandhospitals.org/doctors/aziyakath-shavro-seema/,NP,"NYC Health + Hospitals/Lincoln
234 East 149th Street
Bronx, NY 10451",1-844-692-4692,"Seema Aziyakath Shavro, holding a NP degree, is specialized in Family Nurse Practitioner.",40.81608826763521,-73.9247614276996
Laura J. Balcer,Neurology,https://www.nychealthandhospitals.org/doctors/page/3/?specialty=82,https://www.nychealthandhospitals.org/doctors/balcer-laura-j/,MD,"NYC Health + Hospitals/Bellevue
462 First Avenue
New York, NY 10016",1-844-692-4692,"Laura J. Balcer, holding a MD degree, is specialized in Neurology.",40.739917329696695,-73.97586446995284
Karen R. Ballaban-Gil,"Epilepsy, Neurology Child, Neurology, Pediatric General",https://www.nychealthandhospitals.org/doctors/page/3/?specialty=82,https://www.nychealthandhospitals.org/doctors/ballaban-gil-karen-r/,MD,"NYC Health + Hospitals/Jacobi
1400 Pelham Parkway South
Bronx, NY 10461",1-844-692-4692,"Karen R. Ballaban-Gil, holding a MD degree, is specialized in Epilepsy, Neurology Child, Neurology, Pediatric General.",40.856805277145504,-73.84799589489165
Melanie B. Aure,Physician Assistant,https://www.nychealthandhospitals.org/doctors/?specialty=118,https://www.nychealthandhospitals.org/doctors/aure-melanie-baleva/,PA,"NYC Health + Hospitals/Queens
82-68 164th Street
Queens, New York 11432",1-844-692-4692,"Melanie B. Aure, holding a PA degree, is specialized in Physician Assistant.",40.7173363892582, -73.80439998009241
Nitin Barman,"Cardiovascular Disease, Interventional Cardiology, Internal Medicine",https://www.nychealthandhospitals.org/doctors/?specialty=118,https://www.nychealthandhospitals.org/doctors/barman-nitin/,MD,"NYC Health + Hospitals/Elmhurst
79-01 Broadway
Elmhurst, New York 11373",1-844-692-4692,"Nitin Barman, holding a MD degree, is specialized in Cardiovascular Disease, Interventional Cardiology, Internal Medicine.",40.74508640885412,-73.88576291908096
Kalayaan Fe S. Becerra,"Adult-Gerontology Nurse Practitioner, Adult, Cardiovascular, Nurse Practitioner Adult Health",https://www.nychealthandhospitals.org/doctors/?specialty=118,https://www.nychealthandhospitals.org/doctors/becerra-kalayaan-fe-sano/,NP,"NYC Health + Hospitals/Elmhurst
79-01 Broadway
Elmhurst, New York 11373",1-844-692-4692,"Kalayaan Fe S. Becerra, holding a NP degree, is specialized in Adult-Gerontology Nurse Practitioner, Adult, Cardiovascular, Nurse Practitioner Adult Health.",40.745094537220695, -73.88575219015057
Mervin David,"Nurse Practitioner Adult Health, Adult Health",https://www.nychealthandhospitals.org/doctors/?specialty=118,https://www.nychealthandhospitals.org/doctors/david-mervin/,NP,"NYC Health + Hospitals/Elmhurst
79-01 Broadway
Elmhurst, New York 11373",1-844-692-4692,"Mervin David, holding a NP degree, is specialized in Nurse Practitioner Adult Health, Adult Health.",40.745094537220695,-73.88578437665805
Frida Davydov,Physician Assistant,https://www.nychealthandhospitals.org/doctors/?specialty=118,https://www.nychealthandhospitals.org/doctors/davydov-frida/,PA,"NYC Health + Hospitals/Queens
82-68 164th Street
Queens, New York 11432",1-844-692-4692,"Frida Davydov, holding a PA degree, is specialized in Physician Assistant.",40.7173363892582,-73.80442143776406